127,ABC127
25,ABC25
116,ABC116
141,ABC141
64,ABC64
72,ABC72
108,ABC108
99,ABC99
133,ABC133
99,ABC99
3,ABC3
111,ABC111
34,ABC34
192,ABC192
175,ABC175
68,ABC68
147,ABC147
59,ABC59
50,ABC50
70,ABC70
196,ABC196
73,ABC73
82,ABC82
76,ABC76
111,ABC111
123,ABC123
58,ABC58
143,ABC143
63,ABC63
15,ABC15
31,ABC31
69,ABC69
85,ABC85
185,ABC185
71,ABC71
27,ABC27
35,ABC35
132,ABC132
161,ABC161
168,ABC168
41,ABC41
17,ABC17
183,ABC183
98,ABC98
195,ABC195
196,ABC196
198,ABC198
24,ABC24
40,ABC40
156,ABC156
124,ABC124
66,ABC66
153,ABC153
126,ABC126
65,ABC65
26,ABC26
15,ABC15
127,ABC127
191,ABC191
107,ABC107
159,ABC159
151,ABC151
78,ABC78
103,ABC103
33,ABC33
138,ABC138
117,ABC117
96,ABC96
120,ABC120
15,ABC15
149,ABC149
170,ABC170
56,ABC56
19,ABC19
27,ABC27
174,ABC174
143,ABC143
153,ABC153
56,ABC56
39,ABC39
127,ABC127
17,ABC17
129,ABC129
85,ABC85
142,ABC142
14,ABC14
153,ABC153
94,ABC94
133,ABC133
85,ABC85
140,ABC140
143,ABC143
98,ABC98
135,ABC135
108,ABC108
87,ABC87
184,ABC184
112,ABC112
28,ABC28
139,ABC139
53,ABC53
39,ABC39
56,ABC56
134,ABC134
106,ABC106
194,ABC194
180,ABC180
100,ABC100
174,ABC174
89,ABC89
100,ABC100
157,ABC157
92,ABC92
154,ABC154
160,ABC160
154,ABC154
44,ABC44
24,ABC24
127,ABC127
178,ABC178
163,ABC163
8,ABC8
5,ABC5
112,ABC112
79,ABC79
25,ABC25
19,ABC19
28,ABC28
86,ABC86
74,ABC74
43,ABC43
61,ABC61
76,ABC76
61,ABC61
130,ABC130
165,ABC165
82,ABC82
20,ABC20
181,ABC181
66,ABC66
41,ABC41
58,ABC58
128,ABC128
80,ABC80
4,ABC4
195,ABC195
7,ABC7
5,ABC5
137,ABC137
137,ABC137
93,ABC93
174,ABC174
177,ABC177
81,ABC81
104,ABC104
195,ABC195
11,ABC11
112,ABC112
50,ABC50
85,ABC85
10,ABC10
174,ABC174
188,ABC188
74,ABC74
151,ABC151
83,ABC83
177,ABC177
35,ABC35
149,ABC149
41,ABC41
25,ABC25
132,ABC132
141,ABC141
2,ABC2
73,ABC73
30,ABC30
123,ABC123
130,ABC130
81,ABC81
163,ABC163
16,ABC16
94,ABC94
42,ABC42
184,ABC184
196,ABC196
29,ABC29
160,ABC160
60,ABC60
44,ABC44
169,ABC169
174,ABC174
197,ABC197
61,ABC61
156,ABC156
48,ABC48
101,ABC101
44,ABC44
